﻿<?xml version="1.0" encoding="utf-8"?>
<WeightSet Class="DeathKnight" Specialization="3" Name="Death Knight-Unholy">
  <DPS>22</DPS>
  <Strength>20</Strength>
  <HitRating>18</HitRating>
  <HasteRating>16</HasteRating>
  <CriticalStrikeRating>14</CriticalStrikeRating>
  <Mastery>12</Mastery>
  <ExpertiseRating>18</ExpertiseRating>
  <AttackPower>10</AttackPower>
  
  
  <Intellect>-1</Intellect>
  <Spirit>-1</Spirit>
  <SpellPower>-1</SpellPower> 
  <ParryRating>-1</ParryRating>
  <DodgeRating>-1</DodgeRating>
  <SpellPenetration>-1</SpellPenetration>

</WeightSet>