﻿<?xml version="1.0" encoding="utf-8"?>
<WeightSet Class="Priest" Specialization="1" Name="Priest-Discipline">

  <Intellect>20</Intellect>
  <SpellPower>18</SpellPower>
  <Spirit>16</Spirit>
  <HasteRating>14</HasteRating>
  <CriticalStrikeRating>14</CriticalStrikeRating>
  <Mastery>14</Mastery>
  
  <Strength>-1</Strength>
  <Agility>-1</Agility>
  <HitRating>-1</HitRating>
  <ExpertiseRating>-1</ExpertiseRating> 
  <ParryRating>-1</ParryRating>
  <DodgeRating>-1</DodgeRating>

</WeightSet>