﻿<?xml version="1.0" encoding="utf-8"?>
<WeightSet Class="Shaman" Specialization="1" Name="Shaman-Elemental">

  <Intellect>20</Intellect>
  <SpellPower>18</SpellPower>
  <Spirit>16</Spirit>
  <HitRating>16</HitRating>
  <HasteRating>14</HasteRating>
  <Mastery>14</Mastery>
  <CriticalStrikeRating>12</CriticalStrikeRating>

  <Strength>-1</Strength>
  <Agility>-1</Agility>
  <ExpertiseRating>-1</ExpertiseRating> 
  <ParryRating>-1</ParryRating>
  <DodgeRating>-1</DodgeRating>
  
</WeightSet>