﻿<?xml version="1.0" encoding="utf-8"?>
<WeightSet Class="Warlock" Specialization="2" Name="Warlock-Demonology">

  <Intellect>20</Intellect>
  <SpellPower>18</SpellPower>
  <HitRating>16</HitRating>
  <Mastery>14</Mastery>
  <HasteRating>12</HasteRating>
  <CriticalStrikeRating>10</CriticalStrikeRating>
  
  
  <Strength>-1</Strength>
  <Agility>-1</Agility>
  <Spirit>-1</Spirit>
  <ExpertiseRating>-1</ExpertiseRating> 
  <ParryRating>-1</ParryRating>
  <DodgeRating>-1</DodgeRating>
  
</WeightSet>