<HBProfile>
  <Name></Name>
  <MinDurability>0.4</MinDurability>
  <MinFreeBagSlots>1</MinFreeBagSlots>
  
  <MinLevel>1</MinLevel>
  <MaxLevel>91</MaxLevel>
  <Factions>99999</Factions>
  
  <MailGrey>False</MailGrey>
  <MailWhite>True</MailWhite>
  <MailGreen>True</MailGreen>
  <MailBlue>True</MailBlue>
  <MailPurple>True</MailPurple>
 
  <SellGrey>True</SellGrey>
  <SellWhite>True</SellWhite>
  <SellGreen>False</SellGreen>
  <SellBlue>False</SellBlue>
  <SellPurple>False</SellPurple>

	<Vendors>

	</Vendors>
	
	<Mailboxes>

	</Mailboxes>

  <Hotspots>
    <Hotspot X="-10740.55" Y="-791.5267" Z="125.0654" />
    <Hotspot X="-10777.66" Y="-758.0245" Z="125.4457" />
    <Hotspot X="-10811.35" Y="-727.6116" Z="125.7909" />
    <Hotspot X="-10795.32" Y="-680.2968" Z="123.7384" />
    <Hotspot X="-10784.43" Y="-648.1566" Z="122.3442" />
    <Hotspot X="-10810.58" Y="-605.5623" Z="120.9471" />
    <Hotspot X="-10836.72" Y="-562.968" Z="119.55" />
    <Hotspot X="-10853.55" Y="-535.5667" Z="118.6513" />
    <Hotspot X="-10832.32" Y="-492.479" Z="132.5459" />
    <Hotspot X="-10811.1" Y="-449.3913" Z="146.4405" />
    <Hotspot X="-10789.88" Y="-406.3036" Z="160.3351" />
    <Hotspot X="-10782.27" Y="-390.8466" Z="165.3196" />
    <Hotspot X="-10753.96" Y="-465.5585" Z="170.9102" />
    <Hotspot X="-10736.26" Y="-512.2534" Z="164.7844" />
    <Hotspot X="-10709.72" Y="-582.2958" Z="155.5958" />
    <Hotspot X="-10705.95" Y="-592.2667" Z="154.2877" />
    <Hotspot X="-10686.51" Y="-646.9334" Z="138.9996" />
    <Hotspot X="-10674.27" Y="-681.3666" Z="129.37" />
    <Hotspot X="-10624.43" Y="-698.6282" Z="149.2407" />
    <Hotspot X="-10589.31" Y="-710.7967" Z="155.9948" />
    <Hotspot X="-10574.92" Y="-757.9625" Z="147.7253" />
    <Hotspot X="-10560.53" Y="-805.1284" Z="139.4558" />
    <Hotspot X="-10546.14" Y="-852.2942" Z="131.1864" />
    <Hotspot X="-10544.67" Y="-857.1367" Z="130.3373" />
    <Hotspot X="-10517.58" Y="-815.7459" Z="137.6383" />
    <Hotspot X="-10490.5" Y="-774.3552" Z="144.9393" />
    <Hotspot X="-10484.47" Y="-765.1415" Z="146.5645" />
    <Hotspot X="-10434.56" Y="-762.2131" Z="147.0896" />
    <Hotspot X="-10379.66" Y="-758.9918" Z="147.976" />
    <Hotspot X="-10378.63" Y="-758.9316" Z="147.6781" />
    <Hotspot X="-10333.17" Y="-739.8752" Z="158.3667" />
    <Hotspot X="-10287.7" Y="-720.8189" Z="137.644" />
    <Hotspot X="-10263.15" Y="-710.5266" Z="126.4514" />
    <Hotspot X="-10214.65" Y="-656.9971" Z="155.6803" />
    <Hotspot X="-10182.33" Y="-621.3108" Z="168.6033" />
    <Hotspot X="-10160.91" Y="-597.6666" Z="169.0421" />
    <Hotspot X="-10162.16" Y="-543.2086" Z="200.971" />
    <Hotspot X="-10164.22" Y="-454.0956" Z="222.3457" />
    <Hotspot X="-10165.37" Y="-404.5884" Z="208.3777" />
    <Hotspot X="-10166.51" Y="-355.0812" Z="179.8025" />
    <Hotspot X="-10168.23" Y="-280.8203" Z="136.9396" />
    <Hotspot X="-10168.87" Y="-253.1466" Z="120.9665" />
    <Hotspot X="-10207.39" Y="-221.4674" Z="130.6182" />
    <Hotspot X="-10249.78" Y="-186.6203" Z="130.4862" />
    <Hotspot X="-10273.95" Y="-166.7467" Z="130.411" />
    <Hotspot X="-10283.34" Y="-117.7093" Z="127.7496" />
    <Hotspot X="-10291.95" Y="-72.78664" Z="125.3116" />
    <Hotspot X="-10242.53" Y="-71.09658" Z="118.8197" />
    <Hotspot X="-10193.12" Y="-69.40652" Z="112.1564" />
    <Hotspot X="-10181.43" Y="-69.00665" Z="108.6725" />
    <Hotspot X="-10184.97" Y="-19.13381" Z="108.9609" />
    <Hotspot X="-10188.51" Y="30.73904" Z="108.6918" />
    <Hotspot X="-10192.05" Y="80.61189" Z="107.6033" />
    <Hotspot X="-10192.59" Y="88.13335" Z="107.4391" />
    <Hotspot X="-10236.56" Y="65.54248" Z="119.1773" />
    <Hotspot X="-10280.54" Y="42.95161" Z="126.7478" />
    <Hotspot X="-10317.15" Y="24.14335" Z="128.6156" />
    <Hotspot X="-10366.59" Y="31.51515" Z="132.7633" />
    <Hotspot X="-10416.03" Y="38.88694" Z="129.382" />
    <Hotspot X="-10436.67" Y="41.96333" Z="126.145" />
    <Hotspot X="-10423.76" Y="-6.33532" Z="130.3145" />
    <Hotspot X="-10410.86" Y="-54.63397" Z="129.3504" />
    <Hotspot X="-10399.95" Y="-95.4667" Z="128.5352" />
    <Hotspot X="-10449.61" Y="-100.2017" Z="131.9879" />
    <Hotspot X="-10484.91" Y="-103.5667" Z="134.2007" />
    <Hotspot X="-10528.75" Y="-126.7838" Z="140.4459" />
    <Hotspot X="-10572.59" Y="-150.0008" Z="147.5952" />
    <Hotspot X="-10579.23" Y="-153.5167" Z="147.6367" />
    <Hotspot X="-10623.96" Y="-149.6874" Z="125.6352" />
    <Hotspot X="-10645.47" Y="-147.8467" Z="115.059" />
    <Hotspot X="-10686.49" Y="-176.1277" Z="119.1646" />
    <Hotspot X="-10739.83" Y="-212.893" Z="139.0934" />
    <Hotspot X="-10770.03" Y="-233.7067" Z="127.5234" />
    <Hotspot X="-10749.97" Y="-177.4179" Z="123.542" />
    <Hotspot X="-10733.25" Y="-130.5106" Z="118.0068" />
    <Hotspot X="-10726.83" Y="-112.4767" Z="115.8787" />
    <Hotspot X="-10698.47" Y="-71.30129" Z="116.5054" />
    <Hotspot X="-10670.11" Y="-30.12589" Z="117.1321" />
    <Hotspot X="-10653.75" Y="-6.36664" Z="117.4938" />
    <Hotspot X="-10655.08" Y="43.60317" Z="118.6083" />
    <Hotspot X="-10656.41" Y="93.57298" Z="120.8536" />
    <Hotspot X="-10657.74" Y="143.5428" Z="121.0577" />
    <Hotspot X="-10658.07" Y="155.6334" Z="121.1071" />
    <Hotspot X="-10622.98" Y="191.0206" Z="117.0078" />
    <Hotspot X="-10587.9" Y="226.4078" Z="112.9085" />
    <Hotspot X="-10564.11" Y="250.4033" Z="110.1288" />
    <Hotspot X="-10517.07" Y="233.5154" Z="113.879" />
    <Hotspot X="-10470.87" Y="216.9233" Z="113.4365" />
    <Hotspot X="-10432.85" Y="184.4441" Z="115.5764" />
    <Hotspot X="-10394.84" Y="151.965" Z="115.5998" />
    <Hotspot X="-10372.59" Y="132.9533" Z="113.1171" />
    <Hotspot X="-10361.08" Y="181.611" Z="114.1749" />
    <Hotspot X="-10351.71" Y="221.2433" Z="112.8708" />
    <Hotspot X="-10301.75" Y="220.8008" Z="113.6705" />
    <Hotspot X="-10260.27" Y="220.4333" Z="109.2511" />
    <Hotspot X="-10252.5" Y="269.5759" Z="119.447" />
    <Hotspot X="-10244.74" Y="318.7184" Z="125.8454" />
    <Hotspot X="-10236.97" Y="367.861" Z="132.2439" />
    <Hotspot X="-10229.85" Y="412.9433" Z="128.7234" />
    <Hotspot X="-10278.26" Y="400.4457" Z="140.0279" />
    <Hotspot X="-10326.67" Y="387.9481" Z="139.8249" />
    <Hotspot X="-10375.08" Y="375.4505" Z="130.9725" />
    <Hotspot X="-10389.87" Y="371.6333" Z="127.4496" />
    <Hotspot X="-10434.67" Y="350.4596" Z="120.993" />
    <Hotspot X="-10479.48" Y="329.2859" Z="114.8845" />
    <Hotspot X="-10504.71" Y="317.3633" Z="110.4178" />
    <Hotspot X="-10525.07" Y="362.943" Z="113.189" />
    <Hotspot X="-10545.44" Y="408.5226" Z="115.9603" />
    <Hotspot X="-10549.35" Y="417.2633" Z="116.4917" />
    <Hotspot X="-10544.37" Y="472.0035" Z="114.5489" />
    <Hotspot X="-10539.85" Y="521.7673" Z="112.7827" />
    <Hotspot X="-10535.33" Y="571.5311" Z="111.0165" />
    <Hotspot X="-10533.87" Y="587.6333" Z="110.445" />
    <Hotspot X="-10562.17" Y="546.4146" Z="110.025" />
    <Hotspot X="-10590.46" Y="505.196" Z="109.9036" />
    <Hotspot X="-10595.97" Y="497.1833" Z="109.5233" />
    <Hotspot X="-10640.81" Y="475.3991" Z="117.3273" />
    <Hotspot X="-10685.65" Y="453.6149" Z="118.8331" />
    <Hotspot X="-10716.57" Y="438.5933" Z="119.8715" />
    <Hotspot X="-10762.91" Y="419.8268" Z="119.6372" />
    <Hotspot X="-10809.25" Y="401.0603" Z="121.5744" />
    <Hotspot X="-10855.6" Y="382.2938" Z="123.5116" />
    <Hotspot X="-10901.94" Y="363.5273" Z="125.4488" />
    <Hotspot X="-10935.27" Y="350.0333" Z="118.766" />
    <Hotspot X="-10984.69" Y="342.8876" Z="116.2824" />
    <Hotspot X="-11034.11" Y="335.742" Z="113.7988" />
    <Hotspot X="-11083.54" Y="328.5963" Z="111.3152" />
    <Hotspot X="-11084.67" Y="328.4333" Z="111.2585" />
    <Hotspot X="-11101.17" Y="281.2687" Z="112.999" />
    <Hotspot X="-11117.68" Y="234.104" Z="114.7395" />
    <Hotspot X="-11134.19" Y="186.9394" Z="116.4801" />
    <Hotspot X="-11150.69" Y="139.7747" Z="118.2206" />
    <Hotspot X="-11150.91" Y="139.1634" Z="118.2431" />
    <Hotspot X="-11109.35" Y="166.7462" Z="114.7072" />
    <Hotspot X="-11067.8" Y="194.3289" Z="111.1712" />
    <Hotspot X="-11026.25" Y="221.9117" Z="107.6352" />
    <Hotspot X="-11025.63" Y="222.3233" Z="107.5825" />
    <Hotspot X="-10978.76" Y="239.7335" Z="108.7151" />
    <Hotspot X="-10948.59" Y="250.9433" Z="108.7842" />
    <Hotspot X="-10937" Y="197.458" Z="114.2802" />
    <Hotspot X="-10928.07" Y="156.1733" Z="118.5225" />
    <Hotspot X="-10953.6" Y="113.1875" Z="119.1825" />
    <Hotspot X="-10979.12" Y="70.2018" Z="120.2701" />
    <Hotspot X="-11001.19" Y="33.0533" Z="116.5014" />
    <Hotspot X="-11045.89" Y="11.02323" Z="124.2909" />
    <Hotspot X="-11086.11" Y="-8.79664" Z="124.1878" />
    <Hotspot X="-11097.85" Y="-56.82576" Z="116.7531" />
    <Hotspot X="-11109.15" Y="-103.0166" Z="109.6029" />
    <Hotspot X="-11054.97" Y="-102.6368" Z="100.1326" />
    <Hotspot X="-11033.55" Y="-102.4867" Z="96.38786" />
    <Hotspot X="-10991.77" Y="-75.05438" Z="94.89851" />
    <Hotspot X="-10949.99" Y="-47.6221" Z="93.39265" />
    <Hotspot X="-10949.67" Y="-47.40669" Z="93.38082" />
    <Hotspot X="-10940.34" Y="-119.6339" Z="111.3053" />
    <Hotspot X="-10936.39" Y="-150.2767" Z="118.9099" />
    <Hotspot X="-10970.16" Y="-186.2657" Z="110.9131" />
    <Hotspot X="-11003.94" Y="-222.2547" Z="102.9164" />
    <Hotspot X="-11037.71" Y="-258.2437" Z="94.91961" />
    <Hotspot X="-11040.03" Y="-260.7067" Z="94.37234" />
    <Hotspot X="-11080.79" Y="-283.0591" Z="114.8451" />
    <Hotspot X="-11121.54" Y="-305.4116" Z="135.2408" />
    <Hotspot X="-11162.3" Y="-327.764" Z="150.5706" />
    <Hotspot X="-11164.59" Y="-329.0167" Z="150.6496" />
    <Hotspot X="-11129" Y="-362.0253" Z="138.6532" />
    <Hotspot X="-11093.41" Y="-395.0339" Z="126.6568" />
    <Hotspot X="-11057.82" Y="-428.0425" Z="114.6604" />
    <Hotspot X="-11042.91" Y="-441.8766" Z="109.6326" />
    <Hotspot X="-11021.23" Y="-486.8885" Z="111.6881" />
    <Hotspot X="-11005.47" Y="-519.6367" Z="113.1836" />
    <Hotspot X="-11054.38" Y="-529.9784" Z="112.9299" />
    <Hotspot X="-11103.3" Y="-540.3201" Z="120.4189" />
    <Hotspot X="-11112.75" Y="-542.3167" Z="112.5617" />
    <Hotspot X="-11116.87" Y="-596.4241" Z="121.528" />
    <Hotspot X="-11121.37" Y="-655.4504" Z="131.3095" />
    <Hotspot X="-11124.27" Y="-693.5167" Z="137.6176" />
    <Hotspot X="-11160.49" Y="-727.8743" Z="141.3593" />
    <Hotspot X="-11185.47" Y="-751.5667" Z="142.2533" />
    <Hotspot X="-11201.69" Y="-798.4085" Z="171.455" />
    <Hotspot X="-11229.28" Y="-878.0396" Z="159.9846" />
    <Hotspot X="-11229.43" Y="-878.4667" Z="159.9231" />
    <Hotspot X="-11161.78" Y="-909.9217" Z="173.8737" />
    <Hotspot X="-11116.69" Y="-930.8917" Z="153.4445" />
    <Hotspot X="-11097.63" Y="-939.7567" Z="144.8082" />
    <Hotspot X="-11067.89" Y="-899.5919" Z="144.1462" />
    <Hotspot X="-11038.15" Y="-859.427" Z="142.2144" />
    <Hotspot X="-11008.41" Y="-819.2622" Z="140.2827" />
    <Hotspot X="-11001.87" Y="-810.4266" Z="139.8578" />
    <Hotspot X="-11004.3" Y="-860.3517" Z="143.3658" />
    <Hotspot X="-11006.73" Y="-910.2769" Z="144.0821" />
    <Hotspot X="-11009.16" Y="-960.202" Z="144.2226" />
    <Hotspot X="-11009.79" Y="-972.9667" Z="143.9284" />
    <Hotspot X="-11031.01" Y="-1018.207" Z="162.4285" />
    <Hotspot X="-11069.2" Y="-1099.641" Z="149.9126" />
    <Hotspot X="-11071.98" Y="-1105.568" Z="149.0016" />
    <Hotspot X="-11026.79" Y="-1122.804" Z="136.3214" />
    <Hotspot X="-10981.6" Y="-1140.04" Z="123.6411" />
    <Hotspot X="-10966.59" Y="-1145.767" Z="119.4278" />
    <Hotspot X="-10984.78" Y="-1192.027" Z="124.8177" />
    <Hotspot X="-11002.97" Y="-1238.287" Z="135.9278" />
    <Hotspot X="-11012.67" Y="-1262.947" Z="133.0807" />
    <Hotspot X="-11056.81" Y="-1286.177" Z="141.7466" />
    <Hotspot X="-11100.96" Y="-1309.407" Z="140.4291" />
    <Hotspot X="-11101.95" Y="-1309.927" Z="139.9111" />
    <Hotspot X="-11055.11" Y="-1326.962" Z="135.8524" />
    <Hotspot X="-11029.95" Y="-1336.117" Z="133.6714" />
    <Hotspot X="-11003.11" Y="-1376.545" Z="145.7366" />
    <Hotspot X="-10989.63" Y="-1396.867" Z="151.8014" />
    <Hotspot X="-10961.54" Y="-1356.627" Z="142.2156" />
    <Hotspot X="-10933.47" Y="-1316.407" Z="132.6345" />
    <Hotspot X="-10909.06" Y="-1273.031" Z="132.9753" />
    <Hotspot X="-10884.66" Y="-1229.656" Z="125.0664" />
    <Hotspot X="-10868.61" Y="-1201.122" Z="119.8637" />
    <Hotspot X="-10873.07" Y="-1151.779" Z="126.5989" />
    <Hotspot X="-10877.54" Y="-1102.436" Z="133.3341" />
    <Hotspot X="-10880.95" Y="-1064.767" Z="138.4759" />
    <Hotspot X="-10833.22" Y="-1076.113" Z="133.9556" />
    <Hotspot X="-10785.5" Y="-1087.458" Z="122.021" />
    <Hotspot X="-10737.77" Y="-1098.804" Z="110.0866" />
    <Hotspot X="-10733.31" Y="-1099.867" Z="108.5322" />
    <Hotspot X="-10728.54" Y="-1149.615" Z="110.0857" />
    <Hotspot X="-10723.77" Y="-1199.363" Z="111.6392" />
    <Hotspot X="-10719.01" Y="-1249.111" Z="113.1927" />
    <Hotspot X="-10716.03" Y="-1280.227" Z="114.1644" />
    <Hotspot X="-10750.62" Y="-1316.215" Z="125.3055" />
    <Hotspot X="-10785.21" Y="-1352.203" Z="122.9266" />
    <Hotspot X="-10805.31" Y="-1373.107" Z="121.5448" />
    <Hotspot X="-10763" Y="-1399.391" Z="130.1451" />
    <Hotspot X="-10720.7" Y="-1425.676" Z="130.7165" />
    <Hotspot X="-10717.36" Y="-1427.751" Z="130.7616" />
    <Hotspot X="-10674.87" Y="-1448.031" Z="167.048" />
    <Hotspot X="-10632.37" Y="-1468.31" Z="170.6409" />
    <Hotspot X="-10612.35" Y="-1477.867" Z="172.3342" />
    <Hotspot X="-10566.81" Y="-1447.071" Z="176.7394" />
    <Hotspot X="-10525.42" Y="-1419.075" Z="173.4017" />
    <Hotspot X="-10484.03" Y="-1391.079" Z="170.064" />
    <Hotspot X="-10442.63" Y="-1363.083" Z="166.7263" />
    <Hotspot X="-10410.75" Y="-1341.517" Z="164.1551" />
    <Hotspot X="-10373.56" Y="-1374.842" Z="166.7161" />
    <Hotspot X="-10336.37" Y="-1408.167" Z="169.277" />
    <Hotspot X="-10312.83" Y="-1429.267" Z="170.8985" />
    <Hotspot X="-10297.33" Y="-1384.2" Z="155.7652" />
    <Hotspot X="-10281.84" Y="-1339.134" Z="140.6319" />
    <Hotspot X="-10266.35" Y="-1294.068" Z="125.4986" />
    <Hotspot X="-10262.43" Y="-1282.657" Z="121.6667" />
    <Hotspot X="-10308.82" Y="-1264.027" Z="121.3262" />
    <Hotspot X="-10359.86" Y="-1243.534" Z="120.9516" />
    <Hotspot X="-10404.99" Y="-1225.417" Z="120.6204" />
    <Hotspot X="-10374.61" Y="-1185.706" Z="126.1366" />
    <Hotspot X="-10344.23" Y="-1145.996" Z="126.5056" />
    <Hotspot X="-10313.85" Y="-1106.286" Z="126.8747" />
    <Hotspot X="-10280.44" Y="-1062.604" Z="127.2806" />
    <Hotspot X="-10250.06" Y="-1022.894" Z="123.4012" />
    <Hotspot X="-10219.68" Y="-983.1836" Z="119.5218" />
    <Hotspot X="-10200.51" Y="-958.1167" Z="117.073" />
    <Hotspot X="-10248.97" Y="-946.2407" Z="120.2072" />
    <Hotspot X="-10297.44" Y="-934.3646" Z="123.3414" />
    <Hotspot X="-10327.23" Y="-927.0667" Z="125.2674" />
    <Hotspot X="-10367.98" Y="-955.9952" Z="126.7478" />
    <Hotspot X="-10408.74" Y="-984.9238" Z="128.2282" />
    <Hotspot X="-10448.19" Y="-1012.927" Z="129.6612" />
    <Hotspot X="-10497.86" Y="-1008.8" Z="136.7204" />
    <Hotspot X="-10552.51" Y="-1004.26" Z="139.5271" />
    <Hotspot X="-10561.95" Y="-1003.477" Z="138.5421" />
    <Hotspot X="-10606.19" Y="-980.4123" Z="141.8338" />
    <Hotspot X="-10650.43" Y="-957.3479" Z="145.1441" />
    <Hotspot X="-10650.51" Y="-957.3067" Z="145.1313" />
    <Hotspot X="-10656.77" Y="-908.2051" Z="138.0749" />
    <Hotspot X="-10659.19" Y="-889.2667" Z="135.3533" />
  </Hotspots>
</HBProfile>
