﻿<?xml version="1.0" encoding="utf-8"?>
<WeightSet Class="Druid" Specialization="2" Name="Druid-Feral">
  <DPS>22</DPS>
  <Agility>20</Agility>
  <Mastery>18</Mastery>
  <CriticalStrikeRating>16</CriticalStrikeRating>
  <HasteRating>12</HasteRating>
  <ExpertiseRating>16</ExpertiseRating>
  <HitRating>14</HitRating>
  <AttackPower>10</AttackPower>
  
  <Intellect>-1</Intellect>
  <Spirit>-1</Spirit>
  <SpellPower>-1</SpellPower> 
  <SpellPenetration>-1</SpellPenetration>
</WeightSet>