﻿<?xml version="1.0" encoding="utf-8"?>
<WeightSet Class="Paladin" Specialization="3" Name="Paladin-Retribution">

  <DPS>22</DPS>
  <Strength>20</Strength>
  <HitRating>18</HitRating>
  <ExpertiseRating>18</ExpertiseRating> 
  <HasteRating>16</HasteRating>
  <Mastery>14</Mastery>
  <CriticalStrikeRating>12</CriticalStrikeRating>
  <AttackPower>10</AttackPower>

  <Intellect>-1</Intellect>
  <Spirit>-1</Spirit>
  <SpellPower>-1</SpellPower> 
  <ParryRating>-1</ParryRating>
  <DodgeRating>-1</DodgeRating>
  <SpellPenetration>-1</SpellPenetration>
  
</WeightSet>