﻿<?xml version="1.0" encoding="utf-8"?>
<WeightSet Class="Paladin" Specialization="1" Name="Paladin-Holy">
  <Spirit>20</Spirit>
  <SpellPower>18</SpellPower>
  <Intellect>18</Intellect>
  <HasteRating>16</HasteRating>
  <Mastery>16</Mastery>
  <CriticalStrikeRating>14</CriticalStrikeRating>
  
  <Strength>-1</Strength>
  <Agility>-1</Agility>
  <ExpertiseRating>-1</ExpertiseRating> 
  <ParryRating>-1</ParryRating>
  <DodgeRating>-1</DodgeRating>
  <HitRating>-1</HitRating>
  <SpellPenetration>-1</SpellPenetration>

</WeightSet>