﻿<?xml version="1.0" encoding="utf-8"?>
<WeightSet Class="Rogue" Specialization="2" Name="Rogue-Combat">

  <DPS>22</DPS>
  <Agility>20</Agility>
  <HitRating>16</HitRating>
  <ExpertiseRating>14</ExpertiseRating>
  <Mastery>12</Mastery>
  <AttackPower>10</AttackPower>  
  <HasteRating>10</HasteRating>
  <CriticalStrikeRating>5</CriticalStrikeRating>

  <Intellect>-1</Intellect>
  <Spirit>-1</Spirit>
  <SpellPower>-1</SpellPower> 
  <ParryRating>-1</ParryRating>
  <DodgeRating>-1</DodgeRating>
  <SpellPenetration>-1</SpellPenetration>
  
</WeightSet>