﻿<?xml version="1.0" encoding="utf-8"?>
<WeightSet Class="Shaman" Specialization="3" Name="Shaman-Restoration">

  <Intellect>20</Intellect>
  <SpellPower>18</SpellPower>
  <Spirit>16</Spirit>
  <HasteRating>14</HasteRating>
  <CriticalStrikeRating>12</CriticalStrikeRating>
  <Mastery>10</Mastery>

  <Strength>-1</Strength>
  <Agility>-1</Agility>
  <HitRating>-1</HitRating>
  <ExpertiseRating>-1</ExpertiseRating> 
  <ParryRating>-1</ParryRating>
  <DodgeRating>-1</DodgeRating>
  <SpellPenetration>-1</SpellPenetration>
  
</WeightSet>