﻿<?xml version="1.0" encoding="utf-8"?>
<WeightSet Class="Warlock" Specialization="3" Name="Warlock-Destruction">

  <Intellect>20</Intellect>
  <SpellPower>18</SpellPower>
  <HitRating>16</HitRating>
  <HasteRating>14</HasteRating>
  <CriticalStrikeRating>12</CriticalStrikeRating>
  <Mastery>10</Mastery>
  
  <Strength>-1</Strength>
  <Agility>-1</Agility>
  <Spirit>-1</Spirit>
  <ExpertiseRating>-1</ExpertiseRating> 
  <ParryRating>-1</ParryRating>
  <DodgeRating>-1</DodgeRating>

</WeightSet>