<HBProfile>
<Name>Abyssal Depths</Name>
<MinDurability>0.4</MinDurability>
<MinFreeBagSlots>1</MinFreeBagSlots>

<MinLevel>1</MinLevel>
  <MaxLevel>91</MaxLevel>
<Factions>99999</Factions>

<MailGrey>false</MailGrey>
<MailWhite>false</MailWhite>
<MailGreen>false</MailGreen>
<MailBlue>false</MailBlue>
<MailPurple>false</MailPurple>

<SellGrey>false</SellGrey>
<SellWhite>false</SellWhite>
<SellGreen>false</SellGreen>
<SellBlue>false</SellBlue>
<SellPurple>false</SellPurple>

<Vendors>
</Vendors>

<Mailboxes>
</Mailboxes>

<Blackspots>
</Blackspots>

<Hotspots>
<Hotspot X="-5629.547" Y="5969.901" Z="-987.8132" />
<Hotspot X="-5595.814" Y="5990.764" Z="-976.4221" />
<Hotspot X="-5593.209" Y="6041.987" Z="-983.3125" />
<Hotspot X="-5583.823" Y="6089.508" Z="-1000.378" />
<Hotspot X="-5577.098" Y="6137.582" Z="-1017.433" />
<Hotspot X="-5579.581" Y="6186.941" Z="-1033.05" />
<Hotspot X="-5595.451" Y="6235.327" Z="-1040.402" />
<Hotspot X="-5599.431" Y="6287.654" Z="-1043.434" />
<Hotspot X="-5626.95" Y="6322.694" Z="-1038.723" />
<Hotspot X="-5678.562" Y="6325.978" Z="-1036.075" />
<Hotspot X="-5700.923" Y="6282.356" Z="-1031.346" />
<Hotspot X="-5711.352" Y="6231.388" Z="-1023.115" />
<Hotspot X="-5721.539" Y="6181.6" Z="-1015.075" />
<Hotspot X="-5731.491" Y="6130.774" Z="-1009.03" />
<Hotspot X="-5723.243" Y="6081.855" Z="-999.7346" />
<Hotspot X="-5751.279" Y="6052.125" Z="-996.4059" />
<Hotspot X="-5802.403" Y="6041.202" Z="-995.7303" />
<Hotspot X="-5843.456" Y="6059.124" Z="-1004.015" />
<Hotspot X="-5861.513" Y="6108.538" Z="-1004.177" />
<Hotspot X="-5866.384" Y="6159.688" Z="-1008.169" />
<Hotspot X="-5852.573" Y="6207.547" Z="-1017.319" />
<Hotspot X="-5859.626" Y="6246.717" Z="-1051.468" />
<Hotspot X="-5878.569" Y="6284.906" Z="-1068.731" />
<Hotspot X="-5894.248" Y="6329.289" Z="-1046.16" />
<Hotspot X="-5894.531" Y="6373.236" Z="-1024.574" />
<Hotspot X="-5860.623" Y="6349.411" Z="-999.9871" />
<Hotspot X="-5824.028" Y="6312.676" Z="-993.6062" />
<Hotspot X="-5782.486" Y="6331.309" Z="-993.3259" />
<Hotspot X="-5749.493" Y="6369.638" Z="-1003.189" />
<Hotspot X="-5745.899" Y="6419.667" Z="-991.5282" />
<Hotspot X="-5754.427" Y="6469.875" Z="-983.219" />
<Hotspot X="-5771.433" Y="6516.083" Z="-989.9944" />
<Hotspot X="-5796.724" Y="6560.179" Z="-990.134" />
<Hotspot X="-5837.861" Y="6589.771" Z="-998.0411" />
<Hotspot X="-5885.27" Y="6610.875" Z="-1007.772" />
<Hotspot X="-5920.86" Y="6647.304" Z="-1016.244" />
<Hotspot X="-5963.464" Y="6653.234" Z="-1023.334" />
<Hotspot X="-5999.984" Y="6621.905" Z="-1036.929" />
<Hotspot X="-6015.422" Y="6571.384" Z="-1036.552" />
<Hotspot X="-6048.216" Y="6545.654" Z="-1039.696" />
<Hotspot X="-6098.571" Y="6556.021" Z="-1046.013" />
<Hotspot X="-6138.826" Y="6564.971" Z="-1026.492" />
<Hotspot X="-6138.871" Y="6556.139" Z="-975.222" />
<Hotspot X="-6159.553" Y="6533.104" Z="-934.2661" />
<Hotspot X="-6170.556" Y="6494.152" Z="-904.4691" />
<Hotspot X="-6170.805" Y="6448.694" Z="-877.1012" />
<Hotspot X="-6160.759" Y="6404.531" Z="-881.522" />
<Hotspot X="-6150.822" Y="6358.818" Z="-905.4022" />
<Hotspot X="-6164.976" Y="6318.603" Z="-917.331" />
<Hotspot X="-6215.105" Y="6318.648" Z="-909.0399" />
<Hotspot X="-6266.965" Y="6325.167" Z="-901.0256" />
<Hotspot X="-6309.561" Y="6348.041" Z="-912.5707" />
<Hotspot X="-6350.774" Y="6374.521" Z="-930.4345" />
<Hotspot X="-6399.709" Y="6386.896" Z="-936.3597" />
<Hotspot X="-6438.075" Y="6368.957" Z="-908.0505" />
<Hotspot X="-6457.6" Y="6355.413" Z="-864.3236" />
<Hotspot X="-6499.221" Y="6358.826" Z="-837.9499" />
<Hotspot X="-6551.491" Y="6362.695" Z="-841.0663" />
<Hotspot X="-6599.206" Y="6377.246" Z="-857.9447" />
<Hotspot X="-6636.393" Y="6407.616" Z="-880.3362" />
<Hotspot X="-6671.84" Y="6440.649" Z="-897.2268" />
<Hotspot X="-6709.683" Y="6476.544" Z="-900.3078" />
<Hotspot X="-6750.474" Y="6508.579" Z="-901.6044" />
<Hotspot X="-6799.773" Y="6490.708" Z="-899.994" />
<Hotspot X="-6847.734" Y="6472.543" Z="-891.626" />
<Hotspot X="-6848.527" Y="6429.445" Z="-863.8032" />
<Hotspot X="-6847.18" Y="6401.31" Z="-819.48" />
<Hotspot X="-6842.536" Y="6391.095" Z="-779.1125" />
<Hotspot X="-6834.896" Y="6437.553" Z="-786.2421" />
<Hotspot X="-6894.896" Y="6503.987" Z="-812.9951" />
<Hotspot X="-6928.01" Y="6535.513" Z="-835.1406" />
<Hotspot X="-6941.052" Y="6562.291" Z="-878.2917" />
<Hotspot X="-6967.81" Y="6591.686" Z="-909.5123" />
<Hotspot X="-7010.573" Y="6622.647" Z="-914.1375" />
<Hotspot X="-7040.78" Y="6665.526" Z="-915.384" />
<Hotspot X="-7069.506" Y="6710.094" Z="-913.661" />
<Hotspot X="-7084.453" Y="6759.362" Z="-911.4882" />
<Hotspot X="-7067.397" Y="6790.375" Z="-875.188" />
<Hotspot X="-7033.978" Y="6808.777" Z="-838.8906" />
<Hotspot X="-6995.185" Y="6830.354" Z="-811.5455" />
<Hotspot X="-6950.122" Y="6852.563" Z="-822.6269" />
<Hotspot X="-6909.47" Y="6884.215" Z="-828.7572" />
<Hotspot X="-6905.104" Y="6935.707" Z="-830.5883" />
<Hotspot X="-6903.583" Y="6988.24" Z="-825.6126" />
<Hotspot X="-6903.371" Y="7038.947" Z="-812.3475" />
<Hotspot X="-6925.076" Y="7084.009" Z="-795.8036" />
<Hotspot X="-6944.937" Y="7132.438" Z="-791.2392" />
<Hotspot X="-6963.614" Y="7182.097" Z="-792.0815" />
<Hotspot X="-6961.838" Y="7226.024" Z="-797.5306" />
<Hotspot X="-6914.216" Y="7245.798" Z="-793.7726" />
<Hotspot X="-6865.537" Y="7262.945" Z="-779.4077" />
<Hotspot X="-6820.177" Y="7288.484" Z="-773.6666" />
<Hotspot X="-6776.408" Y="7318.131" Z="-768.8179" />
<Hotspot X="-6732.98" Y="7347.547" Z="-764.0072" />
<Hotspot X="-6688.773" Y="7375.794" Z="-759.5081" />
<Hotspot X="-6640.54" Y="7383.505" Z="-758.329" />
<Hotspot X="-6604.828" Y="7355.567" Z="-732.9399" />
<Hotspot X="-6560.663" Y="7348.339" Z="-706.2464" />
<Hotspot X="-6513.793" Y="7353.845" Z="-682.0423" />
<Hotspot X="-6467.246" Y="7360.77" Z="-658.3839" />
<Hotspot X="-6420.699" Y="7367.695" Z="-634.7254" />
<Hotspot X="-6373.77" Y="7374.639" Z="-610.905" />
<Hotspot X="-6331.647" Y="7344.82" Z="-611.5669" />
<Hotspot X="-6292.494" Y="7308.515" Z="-614.5144" />
<Hotspot X="-6258.034" Y="7270.396" Z="-622.4217" />
<Hotspot X="-6231.638" Y="7246.468" Z="-656.9697" />
<Hotspot X="-6193.667" Y="7227.751" Z="-689.6425" />
<Hotspot X="-6170.691" Y="7192.85" Z="-718.7434" />
<Hotspot X="-6150.321" Y="7148.062" Z="-738.3807" />
<Hotspot X="-6124.613" Y="7102.383" Z="-734.6695" />
<Hotspot X="-6093.133" Y="7061.015" Z="-725.2182" />
<Hotspot X="-6057.548" Y="7023.003" Z="-714.8702" />
<Hotspot X="-6020.465" Y="6985.52" Z="-703.8638" />
<Hotspot X="-5983.24" Y="6951.863" Z="-690.9082" />
<Hotspot X="-5944.135" Y="6917.006" Z="-676.5867" />
<Hotspot X="-5905.928" Y="6882.948" Z="-662.5939" />
<Hotspot X="-5868.582" Y="6849.657" Z="-648.9161" />
<Hotspot X="-5834.092" Y="6812.996" Z="-636.6874" />
<Hotspot X="-5789.288" Y="6796.238" Z="-633.8663" />
<Hotspot X="-5800.481" Y="6751.248" Z="-651.481" />
<Hotspot X="-5821.713" Y="6705.227" Z="-669.597" />
<Hotspot X="-5783.049" Y="6713.492" Z="-687.5575" />
<Hotspot X="-5741.667" Y="6723.065" Z="-715.6002" />
<Hotspot X="-5730.057" Y="6726.531" Z="-766.3509" />
<Hotspot X="-5719.687" Y="6722.724" Z="-818.4239" />
<Hotspot X="-5692.146" Y="6702.511" Z="-856.0562" />
<Hotspot X="-5656.113" Y="6670.485" Z="-878.2878" />
<Hotspot X="-5612.364" Y="6678.995" Z="-887.7402" />
<Hotspot X="-5583.833" Y="6723.715" Z="-886.5023" />
<Hotspot X="-5555.062" Y="6767.659" Z="-889.4601" />
<Hotspot X="-5522.431" Y="6731.583" Z="-883.9924" />
<Hotspot X="-5530.42" Y="6679.394" Z="-881.225" />
<Hotspot X="-5527.325" Y="6627.167" Z="-880.1188" />
<Hotspot X="-5487.775" Y="6594.155" Z="-879.85" />
<Hotspot X="-5443.777" Y="6565.201" Z="-879.5832" />
<Hotspot X="-5454.621" Y="6528.676" Z="-892.1477" />
<Hotspot X="-5502.742" Y="6506.192" Z="-896.4897" />
<Hotspot X="-5493.556" Y="6460.033" Z="-904.1413" />
<Hotspot X="-5464.794" Y="6414.539" Z="-908.0675" />
<Hotspot X="-5433.102" Y="6374.262" Z="-903.6096" />
<Hotspot X="-5412.32" Y="6325.819" Z="-899.3721" />
<Hotspot X="-5397.156" Y="6274.785" Z="-894.9559" />
<Hotspot X="-5402.073" Y="6223.345" Z="-889.2346" />
<Hotspot X="-5413.57" Y="6172.284" Z="-883.3265" />
<Hotspot X="-5427.151" Y="6120.96" Z="-877.2638" />
<Hotspot X="-5449.327" Y="6072.139" Z="-874.0118" />
<Hotspot X="-5473.345" Y="6025.79" Z="-871.9691" />
<Hotspot X="-5516.691" Y="5994.684" Z="-871.682" />
<Hotspot X="-5565.772" Y="5978.296" Z="-871.1682" />
<Hotspot X="-5618.855" Y="5975.723" Z="-868.3531" />
</Hotspots>
</HBProfile>
