<HBProfile>
  <Name></Name>
  <MinDurability>0.4</MinDurability>
  <MinFreeBagSlots>1</MinFreeBagSlots>
  
  <MinLevel>1</MinLevel>
  <MaxLevel>91</MaxLevel>
  <Factions>99999</Factions>
  
  <MailGrey>False</MailGrey>
  <MailWhite>True</MailWhite>
  <MailGreen>True</MailGreen>
  <MailBlue>True</MailBlue>
  <MailPurple>True</MailPurple>
 
  <SellGrey>True</SellGrey>
  <SellWhite>True</SellWhite>
  <SellGreen>False</SellGreen>
  <SellBlue>False</SellBlue>
  <SellPurple>False</SellPurple>

	<Vendors>

	</Vendors>
	
	<Mailboxes>

	</Mailboxes>
  <Blackspots>
	<Blackspot X="1918.384" Y="-4584.305" Z="38.08955" Radius="2.488826" />
	<Blackspot X="1904.622" Y="-4611.38" Z="38.08939" Radius="2.925328" />
	<Blackspot X="1945.513" Y="-4697.564" Z="36.01491" Radius="5.738221" />
	<Blackspot X="1955.528" Y="-4720.438" Z="37.65824" Radius="2.542814" />
	<Blackspot X="1909.309" Y="-4678.926" Z="35.30098" Radius="1.203703" />
	<Blackspot X="1904.355" Y="-4509.64" Z="26.82976" Radius="3.579645" />
	<Blackspot X="1736.511" Y="-4442.859" Z="39.60423" Radius="1.832101" />
	<Blackspot X="1841.629" Y="-4485.789" Z="46.81457" Radius="0.8158129" />
  </Blackspots>

  <Hotspots>
    <Hotspot X="-4334.692" Y="-1861.209" Z="203.3215" />
    <Hotspot X="-4285.396" Y="-1866.59" Z="196.9276" />
    <Hotspot X="-4211.45" Y="-1874.663" Z="214.889" />
    <Hotspot X="-4162.154" Y="-1880.044" Z="196.1965" />
    <Hotspot X="-4112.857" Y="-1885.426" Z="177.5038" />
    <Hotspot X="-4101.014" Y="-1886.719" Z="173.0129" />
    <Hotspot X="-4074.992" Y="-1929.41" Z="173.0429" />
    <Hotspot X="-4053.573" Y="-1964.55" Z="171.9794" />
    <Hotspot X="-3998.4" Y="-1940.979" Z="203.4134" />
    <Hotspot X="-3952.423" Y="-1921.337" Z="236.5461" />
    <Hotspot X="-3906.446" Y="-1901.695" Z="184.0174" />
    <Hotspot X="-3897.417" Y="-1897.838" Z="173.7018" />
    <Hotspot X="-3946.474" Y="-1888.201" Z="213.6928" />
    <Hotspot X="-3995.532" Y="-1878.565" Z="186.5545" />
    <Hotspot X="-4021.947" Y="-1873.376" Z="171.9422" />
    <Hotspot X="-4026.74" Y="-1823.754" Z="175.7723" />
    <Hotspot X="-4031.534" Y="-1774.132" Z="179.6023" />
    <Hotspot X="-4032.76" Y="-1761.448" Z="180.5813" />
    <Hotspot X="-3995.214" Y="-1728.625" Z="176.9772" />
    <Hotspot X="-3957.668" Y="-1695.803" Z="173.3732" />
    <Hotspot X="-3942.88" Y="-1682.875" Z="171.9536" />
    <Hotspot X="-3933.336" Y="-1633.877" Z="174.8041" />
    <Hotspot X="-3923.792" Y="-1584.879" Z="177.6545" />
    <Hotspot X="-3920.705" Y="-1569.03" Z="178.5766" />
    <Hotspot X="-3878.431" Y="-1595.626" Z="176.222" />
    <Hotspot X="-3836.157" Y="-1622.223" Z="174.2523" />
    <Hotspot X="-3810.443" Y="-1638.4" Z="172.4353" />
    <Hotspot X="-3812.604" Y="-1688.353" Z="172.6946" />
    <Hotspot X="-3814.763" Y="-1738.305" Z="173.4028" />
    <Hotspot X="-3816.373" Y="-1775.531" Z="173.1473" />
    <Hotspot X="-3767.625" Y="-1764.415" Z="174.8243" />
    <Hotspot X="-3718.878" Y="-1753.298" Z="173.5584" />
    <Hotspot X="-3670.13" Y="-1742.182" Z="172.2924" />
    <Hotspot X="-3670.1" Y="-1742.175" Z="172.2917" />
    <Hotspot X="-3659.574" Y="-1806.314" Z="204.8619" />
    <Hotspot X="-3654.287" Y="-1838.537" Z="173.2029" />
    <Hotspot X="-3605.368" Y="-1828.219" Z="191.9611" />
    <Hotspot X="-3559.407" Y="-1818.524" Z="171.8463" />
    <Hotspot X="-3514.334" Y="-1840.149" Z="172.746" />
    <Hotspot X="-3469.261" Y="-1861.774" Z="173.9945" />
    <Hotspot X="-3424.993" Y="-1883.013" Z="174.5294" />
    <Hotspot X="-3375.274" Y="-1888.304" Z="178.7978" />
    <Hotspot X="-3325.555" Y="-1893.595" Z="183.2327" />
    <Hotspot X="-3260.92" Y="-1900.473" Z="188.9981" />
    <Hotspot X="-3211.201" Y="-1905.764" Z="193.433" />
    <Hotspot X="-3161.482" Y="-1911.055" Z="197.868" />
    <Hotspot X="-3111.763" Y="-1916.346" Z="202.3029" />
    <Hotspot X="-3062.044" Y="-1921.637" Z="206.7378" />
    <Hotspot X="-3012.325" Y="-1926.928" Z="211.1727" />
    <Hotspot X="-2952.663" Y="-1933.277" Z="197.828" />
    <Hotspot X="-2902.944" Y="-1938.568" Z="186.7075" />
    <Hotspot X="-2853.225" Y="-1943.859" Z="175.5869" />
    <Hotspot X="-2839.9" Y="-1945.277" Z="172.6065" />
    <Hotspot X="-2792.97" Y="-1928.031" Z="172.1927" />
    <Hotspot X="-2746.041" Y="-1910.784" Z="171.7789" />
    <Hotspot X="-2741.067" Y="-1908.956" Z="171.735" />
    <Hotspot X="-2692.209" Y="-1898.407" Z="173.9131" />
    <Hotspot X="-2643.352" Y="-1887.859" Z="174.673" />
    <Hotspot X="-2610.607" Y="-1880.789" Z="175.1822" />
    <Hotspot X="-2615.74" Y="-1930.523" Z="177.1671" />
    <Hotspot X="-2620.875" Y="-1980.257" Z="174.9281" />
    <Hotspot X="-2622.467" Y="-1995.682" Z="174.2337" />
    <Hotspot X="-2575.679" Y="-1983.374" Z="186.8615" />
    <Hotspot X="-2528.892" Y="-1971.066" Z="199.4892" />
    <Hotspot X="-2454.033" Y="-1951.373" Z="219.6937" />
    <Hotspot X="-2453.403" Y="-1951.208" Z="219.8635" />
    <Hotspot X="-2400.322" Y="-2008.492" Z="202.5196" />
    <Hotspot X="-2367.146" Y="-2044.295" Z="191.6797" />
    <Hotspot X="-2349.687" Y="-2063.136" Z="185.9751" />
    <Hotspot X="-2303.166" Y="-2081.442" Z="186.8168" />
    <Hotspot X="-2256.645" Y="-2099.747" Z="187.6584" />
    <Hotspot X="-2210.124" Y="-2118.052" Z="188.5001" />
    <Hotspot X="-2163.603" Y="-2136.358" Z="189.3418" />
    <Hotspot X="-2117.082" Y="-2154.663" Z="190.1835" />
    <Hotspot X="-2069" Y="-2173.583" Z="191.0534" />
    <Hotspot X="-2073.054" Y="-2124.331" Z="183.4462" />
    <Hotspot X="-2077.107" Y="-2075.08" Z="175.839" />
    <Hotspot X="-2078.883" Y="-2053.5" Z="172.5058" />
    <Hotspot X="-2123.059" Y="-2030.092" Z="174.2875" />
    <Hotspot X="-2167.235" Y="-2006.683" Z="174.001" />
    <Hotspot X="-2169.81" Y="-2005.319" Z="173.9843" />
    <Hotspot X="-2203.027" Y="-1967.95" Z="174.4914" />
    <Hotspot X="-2236.243" Y="-1930.582" Z="175.1612" />
    <Hotspot X="-2238.993" Y="-1927.487" Z="175.0405" />
    <Hotspot X="-2235.934" Y="-1877.584" Z="174.4863" />
    <Hotspot X="-2232.875" Y="-1827.681" Z="173.932" />
    <Hotspot X="-2229.816" Y="-1777.778" Z="173.3777" />
    <Hotspot X="-2227.133" Y="-1734.021" Z="172.8917" />
    <Hotspot X="-2242.944" Y="-1686.591" Z="172.292" />
    <Hotspot X="-2252.83" Y="-1656.931" Z="171.9169" />
    <Hotspot X="-2207.407" Y="-1677.83" Z="172.1262" />
    <Hotspot X="-2148.357" Y="-1704.998" Z="177.9811" />
    <Hotspot X="-2102.934" Y="-1725.896" Z="178.2077" />
    <Hotspot X="-2057.511" Y="-1746.794" Z="176.812" />
    <Hotspot X="-2017.607" Y="-1765.154" Z="172.0248" />
    <Hotspot X="-1971.056" Y="-1746.904" Z="208.5121" />
    <Hotspot X="-1901.231" Y="-1719.529" Z="192.5905" />
    <Hotspot X="-1845.371" Y="-1697.63" Z="173.3185" />
    <Hotspot X="-1843.66" Y="-1696.959" Z="172.5253" />
    <Hotspot X="-1795.275" Y="-1685" Z="176.5098" />
    <Hotspot X="-1756.687" Y="-1675.463" Z="179.6876" />
    <Hotspot X="-1719.002" Y="-1642.656" Z="177.7928" />
    <Hotspot X="-1681.317" Y="-1609.85" Z="175.8979" />
    <Hotspot X="-1645.993" Y="-1579.1" Z="174.1219" />
    <Hotspot X="-1599.973" Y="-1608.99" Z="207.4112" />
    <Hotspot X="-1571.81" Y="-1627.281" Z="180.0973" />
    <Hotspot X="-1534.721" Y="-1586.706" Z="191.5159" />
    <Hotspot X="-1501.004" Y="-1549.819" Z="189.5587" />
    <Hotspot X="-1463.914" Y="-1509.243" Z="187.4058" />
    <Hotspot X="-1442.397" Y="-1485.702" Z="186.1568" />
    <Hotspot X="-1419.897" Y="-1529.898" Z="183.1368" />
    <Hotspot X="-1400.887" Y="-1567.24" Z="174.4182" />
    <Hotspot X="-1396.635" Y="-1616.026" Z="189.0195" />
    <Hotspot X="-1392.384" Y="-1664.811" Z="197.4014" />
    <Hotspot X="-1387.707" Y="-1718.475" Z="206.6215" />
    <Hotspot X="-1386.933" Y="-1727.35" Z="207.5459" />
    <Hotspot X="-1323.349" Y="-1734.693" Z="196.2258" />
    <Hotspot X="-1274.438" Y="-1740.342" Z="187.518" />
    <Hotspot X="-1258.567" Y="-1742.175" Z="184.6922" />
    <Hotspot X="-1213.65" Y="-1762.949" Z="177.5584" />
    <Hotspot X="-1168.733" Y="-1783.723" Z="170.4245" />
    <Hotspot X="-1139.967" Y="-1797.027" Z="165.8559" />
    <Hotspot X="-1098.204" Y="-1769.977" Z="170.7692" />
    <Hotspot X="-1056.442" Y="-1742.926" Z="184.094" />
    <Hotspot X="-1031.25" Y="-1726.609" Z="178.6462" />
    <Hotspot X="-1024.216" Y="-1667.072" Z="177.1264" />
    <Hotspot X="-1018.354" Y="-1617.458" Z="174.3265" />
    <Hotspot X="-1017.413" Y="-1609.491" Z="173.877" />
    <Hotspot X="-962.9008" Y="-1551.278" Z="218.7792" />
    <Hotspot X="-911.7953" Y="-1496.703" Z="250.6357" />
    <Hotspot X="-877.7249" Y="-1460.32" Z="271.8734" />
    <Hotspot X="-843.6545" Y="-1423.936" Z="293.1111" />
    <Hotspot X="-775.5139" Y="-1351.17" Z="323.8632" />
    <Hotspot X="-741.4435" Y="-1314.786" Z="322.9508" />
    <Hotspot X="-707.3732" Y="-1278.403" Z="322.0385" />
    <Hotspot X="-673.3028" Y="-1242.02" Z="321.1261" />
    <Hotspot X="-629.0114" Y="-1194.721" Z="319.9401" />
    <Hotspot X="-594.941" Y="-1158.338" Z="319.0277" />
    <Hotspot X="-550.6495" Y="-1111.04" Z="317.8416" />
    <Hotspot X="-489.3229" Y="-1045.55" Z="257.2511" />
    <Hotspot X="-451.8455" Y="-1005.528" Z="219.074" />
    <Hotspot X="-390.5189" Y="-940.0381" Z="156.6023" />
    <Hotspot X="-332.5993" Y="-878.1865" Z="97.60136" />
    <Hotspot X="-329.5334" Y="-874.9125" Z="94.4782" />
    <Hotspot X="-279.9474" Y="-869.2487" Z="91.45296" />
    <Hotspot X="-225.7" Y="-863.0525" Z="88.14334" />
    <Hotspot X="-249.2946" Y="-906.8443" Z="93.2005" />
    <Hotspot X="-272.8892" Y="-950.6361" Z="118.6953" />
    <Hotspot X="-296.4837" Y="-994.4279" Z="144.19" />
    <Hotspot X="-320.0783" Y="-1038.22" Z="169.6848" />
    <Hotspot X="-343.6729" Y="-1082.011" Z="195.1795" />
    <Hotspot X="-405.0187" Y="-1195.87" Z="261.4658" />
    <Hotspot X="-428.6133" Y="-1239.662" Z="258.4609" />
    <Hotspot X="-456.9268" Y="-1292.212" Z="243.8566" />
    <Hotspot X="-485.2403" Y="-1344.762" Z="229.2523" />
    <Hotspot X="-508.8348" Y="-1388.554" Z="217.082" />
    <Hotspot X="-534.7889" Y="-1436.725" Z="203.6947" />
    <Hotspot X="-558.3834" Y="-1480.517" Z="191.5244" />
    <Hotspot X="-581.978" Y="-1524.309" Z="179.3542" />
    <Hotspot X="-602.3134" Y="-1562.051" Z="168.865" />
    <Hotspot X="-671.6317" Y="-1601.987" Z="174.2401" />
    <Hotspot X="-714.9556" Y="-1626.947" Z="169.647" />
    <Hotspot X="-716.8682" Y="-1628.048" Z="169.4443" />
    <Hotspot X="-683.9884" Y="-1665.417" Z="164.7001" />
    <Hotspot X="-651.1086" Y="-1702.786" Z="159.9559" />
    <Hotspot X="-645.8" Y="-1708.819" Z="159.19" />
    <Hotspot X="-620.235" Y="-1761.712" Z="171.3864" />
    <Hotspot X="-598.9308" Y="-1805.789" Z="187.9464" />
    <Hotspot X="-588.4767" Y="-1827.419" Z="186.5376" />
    <Hotspot X="-636.2638" Y="-1815.027" Z="188.7963" />
    <Hotspot X="-693.6083" Y="-1800.157" Z="175.0517" />
    <Hotspot X="-741.3954" Y="-1787.766" Z="163.5979" />
    <Hotspot X="-774.2833" Y="-1779.238" Z="155.7152" />
    <Hotspot X="-787.7362" Y="-1842.298" Z="163.926" />
    <Hotspot X="-801.1891" Y="-1905.358" Z="177.8074" />
    <Hotspot X="-805.91" Y="-1927.487" Z="175.0181" />
    <Hotspot X="-855.9004" Y="-1927.575" Z="179.2803" />
    <Hotspot X="-905.8906" Y="-1927.662" Z="181.5994" />
    <Hotspot X="-1015.869" Y="-1927.855" Z="176.6703" />
    <Hotspot X="-1095.854" Y="-1927.995" Z="173.0855" />
    <Hotspot X="-1170.839" Y="-1928.126" Z="169.7248" />
    <Hotspot X="-1220.83" Y="-1928.213" Z="167.4843" />
    <Hotspot X="-1244.638" Y="-1928.255" Z="166.4173" />
    <Hotspot X="-1291.135" Y="-1909.89" Z="167.2794" />
    <Hotspot X="-1342.282" Y="-1889.689" Z="173.4048" />
    <Hotspot X="-1388.78" Y="-1871.324" Z="176.8691" />
    <Hotspot X="-1435.277" Y="-1852.959" Z="180.3334" />
    <Hotspot X="-1481.774" Y="-1834.594" Z="176.6396" />
    <Hotspot X="-1528.271" Y="-1816.23" Z="172.9458" />
    <Hotspot X="-1541.23" Y="-1811.111" Z="171.9164" />
    <Hotspot X="-1561.341" Y="-1856.87" Z="172.6466" />
    <Hotspot X="-1575.763" Y="-1889.684" Z="169.6664" />
    <Hotspot X="-1555.486" Y="-1935.36" Z="174.9142" />
    <Hotspot X="-1535.21" Y="-1981.036" Z="174.0573" />
    <Hotspot X="-1525.417" Y="-2003.095" Z="173.6435" />
    <Hotspot X="-1573.092" Y="-2018.129" Z="172.6066" />
    <Hotspot X="-1612.39" Y="-2030.521" Z="171.7518" />
    <Hotspot X="-1655.328" Y="-2008.01" Z="183.9803" />
    <Hotspot X="-1698.267" Y="-1985.499" Z="196.2089" />
    <Hotspot X="-1741.205" Y="-1962.987" Z="208.4374" />
    <Hotspot X="-1784.143" Y="-1940.476" Z="220.666" />
    <Hotspot X="-1815.987" Y="-1923.781" Z="229.7347" />
    <Hotspot X="-1829.787" Y="-1976.179" Z="220.3013" />
    <Hotspot X="-1842.333" Y="-2023.814" Z="211.7254" />
    <Hotspot X="-1854.879" Y="-2071.449" Z="203.1495" />
    <Hotspot X="-1867.424" Y="-2119.083" Z="194.5736" />
    <Hotspot X="-1879.97" Y="-2166.718" Z="185.9978" />
    <Hotspot X="-1892.516" Y="-2214.353" Z="177.4219" />
    <Hotspot X="-1895.053" Y="-2223.988" Z="175.6872" />
    <Hotspot X="-1928.634" Y="-2261.025" Z="176.7459" />
    <Hotspot X="-1962.215" Y="-2298.063" Z="175.5436" />
    <Hotspot X="-1995.796" Y="-2335.101" Z="174.3413" />
    <Hotspot X="-2029.377" Y="-2372.139" Z="172.7995" />
    <Hotspot X="-2029.467" Y="-2372.238" Z="172.7923" />
    <Hotspot X="-2035.075" Y="-2421.922" Z="174.3383" />
    <Hotspot X="-2040.683" Y="-2471.606" Z="176.3421" />
    <Hotspot X="-2045.28" Y="-2512.334" Z="172.3777" />
    <Hotspot X="-2002.993" Y="-2477.19" Z="173.7055" />
    <Hotspot X="-1964.551" Y="-2445.241" Z="175.5134" />
    <Hotspot X="-1926.108" Y="-2413.292" Z="177.3213" />
    <Hotspot X="-1899.007" Y="-2390.769" Z="176.9709" />
    <Hotspot X="-1858.172" Y="-2361.98" Z="175.0455" />
    <Hotspot X="-1817.337" Y="-2333.192" Z="173.3556" />
    <Hotspot X="-1800.173" Y="-2321.091" Z="172.2879" />
    <Hotspot X="-1759.488" Y="-2292.03" Z="173.6989" />
    <Hotspot X="-1718.802" Y="-2262.969" Z="172.4534" />
    <Hotspot X="-1675.643" Y="-2232.141" Z="171.1323" />
    <Hotspot X="-1675.643" Y="-2182.198" Z="173.5173" />
    <Hotspot X="-1675.643" Y="-2152.086" Z="174.9552" />
    <Hotspot X="-1626.148" Y="-2145.088" Z="173.8467" />
    <Hotspot X="-1576.653" Y="-2138.09" Z="172.7382" />
    <Hotspot X="-1555.067" Y="-2135.037" Z="172.2548" />
    <Hotspot X="-1515.067" Y="-2165.037" Z="172.1221" />
    <Hotspot X="-1475.067" Y="-2195.037" Z="173.2806" />
    <Hotspot X="-1435.067" Y="-2225.037" Z="172.0373" />
    <Hotspot X="-1428.56" Y="-2229.917" Z="171.8351" />
    <Hotspot X="-1358.78" Y="-2229.045" Z="166.3544" />
    <Hotspot X="-1309.96" Y="-2228.435" Z="162.5199" />
    <Hotspot X="-1379.375" Y="-2293.252" Z="277.4998" />
    <Hotspot X="-1415.91" Y="-2327.366" Z="289.9474" />
    <Hotspot X="-1452.445" Y="-2361.48" Z="241.7872" />
    <Hotspot X="-1488.979" Y="-2395.594" Z="193.6271" />
    <Hotspot X="-1507.627" Y="-2413.006" Z="169.0459" />
    <Hotspot X="-1538.032" Y="-2452.534" Z="172.658" />
    <Hotspot X="-1566.927" Y="-2490.096" Z="176.0905" />
    <Hotspot X="-1534.412" Y="-2527.958" Z="173.0407" />
    <Hotspot X="-1501.898" Y="-2565.82" Z="169.9908" />
    <Hotspot X="-1491.813" Y="-2577.564" Z="169.0448" />
    <Hotspot X="-1538.416" Y="-2592.953" Z="168.1712" />
    <Hotspot X="-1585.019" Y="-2608.342" Z="172.649" />
    <Hotspot X="-1624.25" Y="-2621.297" Z="141.8811" />
    <Hotspot X="-1673.201" Y="-2625.678" Z="151.0822" />
    <Hotspot X="-1722.151" Y="-2630.058" Z="169.0038" />
    <Hotspot X="-1771.102" Y="-2634.439" Z="172.5914" />
    <Hotspot X="-1798.197" Y="-2636.864" Z="174.5771" />
    <Hotspot X="-1867.162" Y="-2702.199" Z="184.9846" />
    <Hotspot X="-1903.46" Y="-2736.587" Z="176.3287" />
    <Hotspot X="-1910.867" Y="-2743.604" Z="174.5623" />
    <Hotspot X="-1877.425" Y="-2780.599" Z="170.96" />
    <Hotspot X="-1843.982" Y="-2817.594" Z="167.3577" />
    <Hotspot X="-1831.8" Y="-2831.071" Z="166.0454" />
    <Hotspot X="-1825.284" Y="-2880.643" Z="166.3876" />
    <Hotspot X="-1818.767" Y="-2930.216" Z="166.7298" />
    <Hotspot X="-1817.963" Y="-2936.329" Z="166.7719" />
    <Hotspot X="-1812.303" Y="-2985.999" Z="168.1694" />
    <Hotspot X="-1808.08" Y="-3023.055" Z="165.1266" />
    <Hotspot X="-1826.145" Y="-3069.579" Z="166.3406" />
    <Hotspot X="-1844.21" Y="-3116.103" Z="175.1018" />
    <Hotspot X="-1862.275" Y="-3162.627" Z="171.0373" />
    <Hotspot X="-1880.34" Y="-3209.151" Z="166.2157" />
    <Hotspot X="-1898.405" Y="-3255.675" Z="160.6425" />
    <Hotspot X="-1916.47" Y="-3302.199" Z="153.2502" />
    <Hotspot X="-1934.535" Y="-3348.724" Z="145.8579" />
    <Hotspot X="-1942.493" Y="-3369.219" Z="142.6014" />
    <Hotspot X="-1987.044" Y="-3310.94" Z="200.9286" />
    <Hotspot X="-2022.685" Y="-3264.317" Z="175.7815" />
    <Hotspot X="-2027.49" Y="-3258.031" Z="172.3911" />
    <Hotspot X="-2032.483" Y="-3209.351" Z="182.6508" />
    <Hotspot X="-2038.474" Y="-3150.934" Z="196.422" />
    <Hotspot X="-2039.35" Y="-3142.396" Z="196.7619" />
    <Hotspot X="-2019.682" Y="-3096.77" Z="256.4125" />
    <Hotspot X="-2000.013" Y="-3051.144" Z="231.1607" />
    <Hotspot X="-1980.345" Y="-3005.518" Z="205.909" />
    <Hotspot X="-1960.677" Y="-2959.892" Z="180.6573" />
    <Hotspot X="-1954.353" Y="-2945.224" Z="172.5392" />
    <Hotspot X="-1960.803" Y="-2895.641" Z="189.3957" />
    <Hotspot X="-1966.213" Y="-2854.05" Z="172.4302" />
    <Hotspot X="-1995.285" Y="-2807.362" Z="178.0683" />
    <Hotspot X="-2021.714" Y="-2764.917" Z="178.3095" />
    <Hotspot X="-2048.143" Y="-2722.473" Z="174.1933" />
    <Hotspot X="-2057.14" Y="-2708.024" Z="172.792" />
    <Hotspot X="-2084.416" Y="-2749.927" Z="173.1708" />
    <Hotspot X="-2118.417" Y="-2802.162" Z="173.6431" />
    <Hotspot X="-2162.754" Y="-2779.054" Z="173.1904" />
    <Hotspot X="-2207.092" Y="-2755.946" Z="192.0277" />
    <Hotspot X="-2235.04" Y="-2741.38" Z="172.4523" />
    <Hotspot X="-2209.881" Y="-2698.209" Z="174.2671" />
    <Hotspot X="-2184.722" Y="-2655.038" Z="176.4069" />
    <Hotspot X="-2169.81" Y="-2629.451" Z="177.1575" />
    <Hotspot X="-2218.82" Y="-2604.551" Z="175.4297" />
    <Hotspot X="-2263.375" Y="-2581.914" Z="173.859" />
    <Hotspot X="-2292.364" Y="-2567.186" Z="172.837" />
    <Hotspot X="-2341.446" Y="-2557.983" Z="221.0668" />
    <Hotspot X="-2395.437" Y="-2547.86" Z="196.1447" />
    <Hotspot X="-2430.73" Y="-2541.242" Z="179.8537" />
    <Hotspot X="-2419.664" Y="-2492.536" Z="177.5585" />
    <Hotspot X="-2408.598" Y="-2443.831" Z="175.2633" />
    <Hotspot X="-2397.531" Y="-2395.125" Z="172.9681" />
    <Hotspot X="-2393.173" Y="-2375.944" Z="172.0642" />
    <Hotspot X="-2439.76" Y="-2357.793" Z="174.4228" />
    <Hotspot X="-2486.348" Y="-2339.642" Z="174.7835" />
    <Hotspot X="-2532.935" Y="-2321.491" Z="175.1442" />
    <Hotspot X="-2545.377" Y="-2316.644" Z="173.4847" />
    <Hotspot X="-2595.25" Y="-2320.164" Z="173.9956" />
    <Hotspot X="-2645.123" Y="-2323.685" Z="178.1099" />
    <Hotspot X="-2694.997" Y="-2327.205" Z="182.2241" />
    <Hotspot X="-2713.393" Y="-2328.504" Z="175.2061" />
    <Hotspot X="-2757.818" Y="-2288.37" Z="191.1913" />
    <Hotspot X="-2794.839" Y="-2254.925" Z="184.026" />
    <Hotspot X="-2800.366" Y="-2249.931" Z="182.9562" />
    <Hotspot X="-2846.736" Y="-2231.54" Z="179.551" />
    <Hotspot X="-2893.106" Y="-2213.148" Z="176.1459" />
    <Hotspot X="-2903.153" Y="-2209.163" Z="175.408" />
    <Hotspot X="-2871.344" Y="-2170.602" Z="176.5722" />
    <Hotspot X="-2839.536" Y="-2132.042" Z="182.1216" />
    <Hotspot X="-2819.331" Y="-2107.549" Z="178.4008" />
    <Hotspot X="-2897.43" Y="-2091.099" Z="174.8907" />
    <Hotspot X="-2946.242" Y="-2080.817" Z="173.8023" />
    <Hotspot X="-2970.36" Y="-2075.738" Z="167.8215" />
    <Hotspot X="-3037.693" Y="-2056.623" Z="170.2007" />
    <Hotspot X="-3085.789" Y="-2042.97" Z="170.2732" />
    <Hotspot X="-3133.884" Y="-2029.317" Z="170.3458" />
    <Hotspot X="-3153.143" Y="-2023.85" Z="170.3748" />
    <Hotspot X="-3201.326" Y="-2010.526" Z="169.4455" />
    <Hotspot X="-3249.509" Y="-1997.201" Z="168.5162" />
    <Hotspot X="-3255" Y="-1995.682" Z="168.4103" />
    <Hotspot X="-3309.888" Y="-1998.904" Z="169.7971" />
    <Hotspot X="-3359.786" Y="-2001.833" Z="171.0579" />
    <Hotspot X="-3409.685" Y="-2004.762" Z="172.3186" />
    <Hotspot X="-3469.562" Y="-2008.276" Z="173.8315" />
    <Hotspot X="-3482.317" Y="-2009.025" Z="174.1537" />
    <Hotspot X="-3517.982" Y="-2044.054" Z="175.5671" />
    <Hotspot X="-3553.648" Y="-2079.083" Z="176.0671" />
    <Hotspot X="-3606.847" Y="-2131.331" Z="170.7575" />
    <Hotspot X="-3614.941" Y="-2180.658" Z="174.6731" />
    <Hotspot X="-3622.66" Y="-2227.694" Z="173.0105" />
    <Hotspot X="-3598.135" Y="-2271.212" Z="175.1825" />
    <Hotspot X="-3573.611" Y="-2314.73" Z="177.3546" />
    <Hotspot X="-3566.267" Y="-2327.762" Z="178.005" />
    <Hotspot X="-3516.305" Y="-2325.819" Z="177.774" />
    <Hotspot X="-3466.343" Y="-2323.875" Z="177.543" />
    <Hotspot X="-3432.9" Y="-2322.574" Z="177.3883" />
    <Hotspot X="-3449.181" Y="-2368.379" Z="189.0962" />
    <Hotspot X="-3465.462" Y="-2414.184" Z="200.7859" />
    <Hotspot X="-3475.955" Y="-2443.706" Z="208.32" />
    <Hotspot X="-3524.341" Y="-2432.526" Z="202.5034" />
    <Hotspot X="-3572.727" Y="-2421.346" Z="196.6868" />
    <Hotspot X="-3608.823" Y="-2413.006" Z="192.3475" />
    <Hotspot X="-3657.134" Y="-2423.401" Z="184.7265" />
    <Hotspot X="-3705.444" Y="-2433.796" Z="177.1055" />
    <Hotspot X="-3729.4" Y="-2438.95" Z="173.3264" />
    <Hotspot X="-3776.647" Y="-2455.305" Z="177.6929" />
    <Hotspot X="-3823.894" Y="-2471.659" Z="175.9343" />
    <Hotspot X="-3857.884" Y="-2483.425" Z="174.6692" />
    <Hotspot X="-3835.187" Y="-2438.884" Z="173.6916" />
    <Hotspot X="-3807.952" Y="-2385.434" Z="175.6365" />
    <Hotspot X="-3798.583" Y="-2367.049" Z="172.115" />
    <Hotspot X="-3799.629" Y="-2317.073" Z="172.115" />
    <Hotspot X="-3800.674" Y="-2267.097" Z="174.2403" />
    <Hotspot X="-3801.719" Y="-2217.121" Z="170.6229" />
    <Hotspot X="-3802.537" Y="-2178.03" Z="167.7933" />
    <Hotspot X="-3861.359" Y="-2167.564" Z="185.3781" />
    <Hotspot X="-3910.377" Y="-2158.842" Z="182.6356" />
    <Hotspot X="-3941.918" Y="-2153.23" Z="180.8709" />
    <Hotspot X="-4011.446" Y="-2149.154" Z="164.1619" />
    <Hotspot X="-4068.372" Y="-2145.817" Z="130.265" />
    <Hotspot X="-4104.988" Y="-2179.865" Z="130.5603" />
    <Hotspot X="-4141.604" Y="-2213.913" Z="130.3941" />
    <Hotspot X="-4148.454" Y="-2220.281" Z="130.265" />
    <Hotspot X="-4184.233" Y="-2265.386" Z="147.1596" />
    <Hotspot X="-4222.994" Y="-2314.249" Z="167.3031" />
    <Hotspot X="-4241.357" Y="-2337.399" Z="174.133" />
    <Hotspot X="-4229.136" Y="-2288.93" Z="172.9289" />
    <Hotspot X="-4210.804" Y="-2216.228" Z="171.1227" />
    <Hotspot X="-4194.916" Y="-2153.219" Z="169.5574" />
    <Hotspot X="-4182.694" Y="-2104.75" Z="168.3533" />
    <Hotspot X="-4176.126" Y="-2078.703" Z="167.7062" />
    <Hotspot X="-4283.582" Y="-2014.844" Z="189.0356" />
    <Hotspot X="-4343.756" Y="-1979.084" Z="226.3642" />
    <Hotspot X="-4391.037" Y="-1950.986" Z="182.9713" />
    <Hotspot X="-4409.374" Y="-1940.089" Z="166.142" />
  </Hotspots>
</HBProfile>
